{
  "sprites": [
    {
      "type": "Mario",
      "x": 742,
      "y": 173,
      "w": 60,
      "h": 95,
      "vvel": 0.0
    },
    {
      "type": "Brick",
      "x": 177,
      "y": 260,
      "w": 94,
      "h": 140,
      "vvel": 0.0
    },
    {
      "type": "Coin_Blocks",
      "x": 300,
      "y": 260,
      "w": 100,
      "h": 100,
      "vvel": 0.0
    },
    {
      "type": "Brick",
      "x": 470,
      "y": 73,
      "w": 51,
      "h": 84,
      "vvel": 0.0
    },
    {
      "type": "Brick",
      "x": 550,
      "y": 439,
      "w": 65,
      "h": 101,
      "vvel": 0.0
    },
    {
      "type": "Brick",
      "x": 712,
      "y": 268,
      "w": 173,
      "h": 109,
      "vvel": 0.0
    },
    {
      "type": "Coin_Blocks",
      "x": 1000,
      "y": 300,
      "w": 100,
      "h": 100,
      "vvel": 0.0
    },
    {
      "type": "Brick",
      "x": 1300,
      "y": 400,
      "w": 375,
      "h": 75,
      "vvel": 0.0
    },
    {
      "type": "Coin_Blocks",
      "x": 1350,
      "y": 100,
      "w": 100,
      "h": 100,
      "vvel": 0.0
    }
  ]
}